content,time
,
" - Wadala (E)-Mumbai, 3 BHK, Rent:Rs.64000, Apartment-Flat of 1315 Sq.Ft., For Rent... ",5:03 PM - 2 Jul 2016
" - Chembur (E)-Mumbai, 1 BHK, Rent:Rs.30000, Apartment-Flat of 520 Sq.Ft., For Rent... ",5:03 PM - 2 Jul 2016
" - Santacruz (E)-Mumbai, 2 BHK, Rent:Rs.55000, Apartment-Flat of 900 Sq.Ft., For Rent... ",5:03 PM - 2 Jul 2016
" : Airoli-Mumbai Navi, 1 BHK, Price:Rs. 14000 Rent:Rs.14000, Apartment-Flat of 420 Sq.F... ",1:26 PM - 2 Jul 2016
" : Gurgaon-Delhi-Gurgaon, 3-5 BHK, Rs. 65.78 Lac-1.96 Cr Estimated prs, Apartment-Flat ... ",1:26 PM - 2 Jul 2016
" : Wadala (E)-Mumbai, 3 BHK,  Rent:Rs.64000, Apartment-Flat of 1315 Sq.Ft., For Rent  A... ",1:26 PM - 2 Jul 2016
" : Chembur (E)-Mumbai, 1 BHK,  Rent:Rs.30000, Apartment-Flat of 520 Sq.Ft., For Rent  A... ",1:26 PM - 2 Jul 2016
" : Santacruz (E)-Mumbai, 2 BHK,  Rent:Rs.55000, Apartment-Flat of 900 Sq.Ft., For Rent ... ",1:26 PM - 2 Jul 2016
"India Real Estate : Airoli-Mumbai Navi, 1 BHK, Price:Rs. 14000 Rent:Rs.14000, Apartme... , ",1:19 PM - 2 Jul 2016
"India Real Estate : Gurgaon-Delhi-Gurgaon, 3-5 BHK, Rs. 65.78 Lac-1.96 Cr Estimated p... , ",1:19 PM - 2 Jul 2016
"India Real Estate : Wadala (E)-Mumbai, 3 BHK,  Rent:Rs.64000, Apartment-Flat of 1315 ... , ",1:19 PM - 2 Jul 2016
"India Real Estate : Chembur (E)-Mumbai, 1 BHK,  Rent:Rs.30000, Apartment-Flat of 520 ... , ",1:19 PM - 2 Jul 2016
"India Real Estate : Santacruz (E)-Mumbai, 2 BHK,  Rent:Rs.55000, Apartment-Flat of 90... , ",1:19 PM - 2 Jul 2016
" - Prabhadevi-Mumbai, 2 BHK, Rent:Rs.50000, Apartment-Flat of 900 Sq.Ft., For Rent... ",5:03 PM - 1 Jul 2016
" - Vile Parle (E)-Mumbai, 1 BHK, Rent:Rs.30000, Apartment-Flat of 450 Sq.Ft., For Rent... ",5:03 PM - 1 Jul 2016
" - Bandra (W)-Mumbai, 3 BHK, Rent:Rs.1.10 Lac, Apartment-Flat of 1700 Sq.Ft., For Rent... ",5:03 PM - 1 Jul 2016
" : Vile Parle (E)-Mumbai, 1 BHK,  Rent:Rs.30000, Apartment-Flat of 450 Sq.Ft., For Rent... ",1:55 PM - 1 Jul 2016
" : Bandra (W)-Mumbai, 3 BHK,  Rent:Rs.1.10 Lac, Apartment-Flat of 1700 Sq.Ft., For Rent... ",1:55 PM - 1 Jul 2016
" : Thane West-Mumbai-Thane-Kalyan-beyond, 4 BHK,  Rent:Rs.58000, Apartment-Flat of 2080... ",1:55 PM - 1 Jul 2016
" : Kopar khairne-Mumbai Navi, 1 BHK,  Rent:Rs.14000, Apartment-Flat of 525 Sq.Ft., For ... ",1:55 PM - 1 Jul 2016
